{
  "Component-preload.js.map": 1733506978977,
  "test/testsuite.qunit.js": 1733411031787,
  "test/integration/pages/RisksList.js": 1733411031803,
  "test/integration/opaTests.qunit.js": 1733411031795,
  "test/integration/FirstJourney.js": 1733411031803,
  "test/integration/pages/RisksObjectPage.js": 1733411031819,
  "xs-app.json": 1733506970943,
  "manifest.json": 1733431521273,
  "Component.js": 1733411031739,
  "test/integration/pages/RisksList-dbg.js": 1733411031803,
  "test/integration/pages/RisksList.js.map": 1733506978917,
  "test/testsuite.qunit-dbg.js": 1733411031787,
  "test/testsuite.qunit.js.map": 1733506978918,
  "test/integration/opaTests.qunit-dbg.js": 1733411031795,
  "test/integration/opaTests.qunit.js.map": 1733506978914,
  "test/integration/FirstJourney-dbg.js": 1733411031803,
  "test/integration/FirstJourney.js.map": 1733506978921,
  "test/integration/pages/RisksObjectPage-dbg.js": 1733411031819,
  "test/integration/pages/RisksObjectPage.js.map": 1733506978916,
  "Component-dbg.js": 1733411031739,
  "Component.js.map": 1733506978917,
  "Component-preload.js": 1733506978977,
  "i18n/i18n.properties": 1733411057799,
  "test/integration/opaTests.qunit.html": 1733411031795,
  "test/testsuite.qunit.html": 1733411031775,
  "test/flpSandbox.html": 1733411031775,
  "index.html": 1733411031739
}